"Control: 0,0","Control: 0,1","Control: 0,2","Control: 0,3","Control: 0,4","Control: 1,0","Control: 1,1","Control: 1,2","Control: 1,3","Control: 1,4","Control: 2,0","Control: 2,1","Control: 2,2","Control: 2,3","Control: 2,4","Control: 3,0","Control: 3,1","Control: 3,2","Control: 3,3","Control: 3,4","Control: 4,0","Control: 4,1","Control: 4,2","Control: 4,3","Control: 4,4","Control: 5,0","Control: 5,1","Control: 5,2","Control: 5,3","Control: 5,4","Control: 6,0","Control: 6,1","Control: 6,2","Control: 6,3","Control: 6,4","Control: 7,0","Control: 7,1","Control: 7,2","Control: 7,3","Control: 7,4","Control: 8,0","Control: 8,1","Control: 8,2","Control: 8,3","Control: 8,4","Control: 9,0","Control: 9,1","Control: 9,2","Control: 9,3","Control: 9,4","Control: 10,0","Control: 10,1","Control: 10,2","Control: 10,3","Control: 10,4"
0.006902228680702838,0.0819394276616527,0.012766504052607397,0.008971159239241888,0.19292918360786093,0.0253428747846377,0.03056110382277722,0.005730505321200986,0.0234283861503604,0.19665607367867138,0.07854445969206329,-0.1209807317819987,-0.09243733361004174,-0.018616265505792248,0.20953617836496252,0.013430471152055498,-0.10590734014598356,-0.16082416558595589,-0.108760414221377,0.04601875729947325,-0.4132989550558774,0.4234733611759263,0.19107071376962517,-0.17341883295690347,-0.25642018323280286,-0.5671132462132451,0.4158121320572692,0.03399345949537058,-0.44241990524695485,0.126294752432484,-0.5533119454212859,0.6207797555577919,0.07809679444140759,-0.3361421187183525,0.5144519176469533,-0.47778665748729227,0.7422459690836716,0.4108059149940424,0.05301286833267727,-0.4536495801564851,-0.4287974482265094,0.3820367455218187,-0.01592391591705479,-0.203285326742339,-0.672142956305316,-0.2731985045374913,0.21433030167095865,-0.10909274481843373,-0.17949120947861272,-0.6015821419865971,-0.2372128300939626,0.18587443268622553,-0.13103745926074734,-0.19085694531090835,-0.557751811535894
0.021320307202967383,0.13143842980518577,0.026151987436874233,0.023743154842730797,0.338179372254079,0.04168377859323129,0.04450854572086947,0.005465204988635406,0.03698704522106685,0.341877253116215,0.12401217811168719,-0.21379773345661102,-0.1726910899941537,-0.0471496805194889,0.3634536835699026,0.00494061843543001,-0.184786780687376,-0.3065957228166662,-0.2284319001319427,0.10119553355924568,-0.626551354799445,0.6155404756272397,0.2386063934939441,-0.2723532755511119,-0.3578476223005682,-0.5486584031891998,0.4812234576543689,0.03579131996925218,-0.3437303981974197,0.16362061533424319,-0.6163300683171726,0.6054992656277717,0.0777057007144019,-0.25043051211210887,0.788387715058729,-0.7525894195806738,0.8361441143570543,0.5431318640015862,0.06113712596747221,-0.6487170230852887,-0.6631591344310552,0.5584999636797868,-0.07469236705831984,-0.34855101334303085,-0.8820763689278703,-0.44879265154466846,0.34616523789127307,-0.1787670091972106,-0.2979501054175196,-0.8203158528847375,-0.3937549664009024,0.3004624596364584,-0.20865978478846955,-0.3071615815067526,-0.8112078651662296
0.036446749767627545,0.15020205084617053,0.040602966204431046,0.03723443870745436,0.4286482912276109,0.053465842902549854,0.047956691205533114,0.0011265907775591803,0.03931714854109957,0.4356605414501812,0.1469296856791409,-0.2667948097648001,-0.23615946486615152,-0.07950909233957446,0.47099085109228966,-0.02374512689070584,-0.2271791047168598,-0.4300799615649539,-0.3504012933866284,0.16485235298259043,-0.7599173399105014,0.7289604539164245,0.24758246467508682,-0.3177872500514852,-0.4205924593635345,-0.4824326642027464,0.4652673241532518,0.04900238861416602,-0.20448003390327105,0.17447559863010415,-0.5773370900034928,0.5681862402311197,0.03260548293256675,-0.1937824597372654,0.9741774936546578,-0.8357836227193328,0.8876046978857084,0.5326155095013743,0.06826878628573593,-0.7083097588592274,-0.7556244392125416,0.6621489076292134,-0.11915281135402965,-0.4330280876208893,-0.8982962497165814,-0.5363259931484203,0.4332804870633102,-0.2056186077180947,-0.353066265863727,-0.8628142119354428,-0.4629508196819867,0.3730438805788058,-0.23482864175478477,-0.35010243401817137,-0.8931632772118402
0.06150099898377796,0.14887876681822557,0.062331236368374066,0.05767175701596787,0.4840504696479261,0.06237167307273102,0.04155582695528928,-0.005731064486560314,0.03730483770938654,0.4927233642194256,0.13945731498774597,-0.29490901476755477,-0.2885716242035806,-0.12111199569498586,0.5397636209862565,-0.0795330210538178,-0.24064718618604208,-0.5341865258378408,-0.47916923708899656,0.23314773362075492,-0.8371077479876976,0.7890270531282245,0.2311882804886532,-0.3538789644826161,-0.46005501732946885,-0.4135443056558226,0.4225165117127786,0.08250116874576383,-0.12856861931724795,0.17614275050961567,-0.5191667612618737,0.5381636177524187,0.056881412912195665,-0.1619848386973212,0.9999691862579081,-0.8484247781349106,0.920783455797486,0.5319674353926359,0.0719440615993927,-0.7459659411975219,-0.793991342770447,0.7137679488023121,-0.1318341802073109,-0.46892537294261605,-0.9226863403320954,-0.5677605159814803,0.47787375151734696,-0.18545135605466256,-0.35005757405108606,-0.8130404710722794,-0.4701759507361885,0.4000002647489665,-0.20274431944271776,-0.3223433718030231,-0.7626042786599797
0.08321375251476433,0.13037682385376992,0.07773709375704049,0.07283489142272506,0.5151136064662121,0.06039477761349488,0.030668915572104907,-0.019594811727923652,0.021504015722436674,0.5232821985803963,0.1110015413710692,-0.29343395184969734,-0.3306484944857695,-0.16331067726435772,0.5772293138346596,-0.1521317899312523,-0.22001022780383905,-0.6211834230612743,-0.5951455520513819,0.30374813760584884,-0.8685996513196662,0.8236923058307384,0.19727939864143448,-0.3631432096541681,-0.48576230343294463,-0.3487082850361909,0.38333067542567856,0.08423900380967614,-0.03869513032885947,0.1685273066098523,-0.4830405156215528,0.523255863525896,0.08887959817250081,-0.14928449917672587,0.9999795333336218,-0.8489469615914356,0.9377405495625218,0.546669967063489,0.07497701717326896,-0.7713950136201404,-0.8029017874633227,0.7324261809292091,-0.11663953814686268,-0.46131588933376233,-0.9357163190605065,-0.5626906192768727,0.48733967837912284,-0.13913739880258097,-0.2961338774306567,-0.8886665089316118,-0.44139806264399933,0.38874669784071675,-0.14368890470665652,-0.23576965778231207,-0.8990653848740352
0.09555062188437774,0.1022581124839016,0.08950021017352514,0.09210980547520327,0.524845898696409,0.04864767392785581,0.019871939078427135,-0.037887738358817986,0.0008406966242787455,0.5330000129475829,0.06210415961266527,-0.2670840576640525,-0.35549048146948853,-0.21296608926769298,0.5904750220454693,-0.2454353068424837,-0.16630778597200635,-0.6845398848495161,-0.7009789271516745,0.3728909892456602,-0.8580940320162653,0.8404941901727635,0.1515688885756575,-0.3462598731755943,-0.5038660595733429,-0.2856577270104937,0.35206915352202284,0.09568406242719767,0.041211534762555034,0.13348104859118687,-0.47227541174691773,0.5241234488676202,0.14458420532198363,-0.1505685953716433,0.9999723034035327,-0.8447836001375972,0.9433459417626452,0.5731145167064962,0.0856817649808195,-0.7932477145729682,-0.7875692570761236,0.7255839667474856,-0.0718374877640287,-0.40449616216835516,-0.942251960159074,-0.5152348876527467,0.4704299023667574,-0.05131429744563668,-0.19708801486806543,-0.8843401785713294,-0.35937793477395374,0.35106196442528337,-0.03860668568069789,-0.1081978044460817,-0.8818910642753143
0.10636692719957457,0.07221489723145973,0.10901457233891175,0.10699815761652966,0.5290514559391125,0.028768395113959996,0.013546498992429953,-0.051044397970421596,-0.029420794451111724,0.5321023060763906,-0.002348464513708813,-0.2125126612755866,-0.3578139022539673,-0.2649502592722223,0.58270739891706,-0.3462871014858472,-0.07204161604087643,-0.7208242994382681,-0.7814994268636977,0.4348157446916211,-0.8128693638543631,0.8501414250039442,0.10406006583760621,-0.3137963859318386,-0.5154124764548104,-0.23056692013149274,0.33335514312527637,0.18891745999771523,0.09829263048594886,0.03841191250420339,-0.4836793987866224,0.538596948759504,0.27872200503267114,-0.1591503962786287,0.9520097957612789,-0.8297546721215437,0.9356347696224872,0.5815752090072256,0.1115785551357463,-0.8137181489898091,-0.7421202548892488,0.6932479585499477,-0.0005028296971917288,-0.29827113385917586,-0.9440815517340907,-0.44461491873346337,0.4286626392751091,0.05020717078702408,-0.060332093371644836,-0.8757606630624218,-0.26409355306765336,0.28698924557570654,0.07536707970757547,0.04726366415349644,-0.8620100326556068
0.11083093140505267,0.03986290090273625,0.11762580929760998,0.11646792806271773,0.5177960521682581,0.0033900887240085613,0.009942699543322662,-0.06876783651368296,-0.06422550502248114,0.5169287312344475,-0.07687169135384646,-0.1425793437350189,-0.3485130458384788,-0.3141908898782474,0.560398826953637,-0.4476484087462283,0.051350119002535936,-0.7282747775314005,-0.8303569831350214,0.4871291602499549,-0.7386529272935259,0.8582187219240447,0.06371070199342882,-0.27431861435109467,-0.5221766018759898,-0.18557677878616008,0.32928332780066466,0.35876737105466583,0.12808657563216397,-0.09112739289890036,-0.5127995588278899,0.5640770289155134,0.48867315589201066,-0.17114355775509071,0.7193619956418978,-0.788711861626902,0.9049725047387035,0.5805630245517599,0.15339725506179755,-0.8318833688433228,-0.6488210814578312,0.6255192025231212,0.08285564804385924,-0.1548967448894381,-0.9415042762643053,-0.3435424140855127,0.3606976154277071,0.16619501456222635,0.09014959168356187,-0.8631611643009817,-0.14676789280433855,0.19772170866029987,0.20532510263520307,0.20202435536140487,-0.8391209142253238
0.09146758908004574,0.015533060720884943,0.11473415910494444,0.11528359304598482,0.4966290037374809,-0.04109736208158716,0.01643629639843982,-0.08597512834576614,-0.10582486635722632,0.49232202949919235,-0.16689935516858714,-0.0542289790769954,-0.3183518925925155,-0.3570776706273453,0.524556073099702,-0.5408397591975946,0.19875031749612213,-0.6951231411477644,-0.8436982913708237,0.5223030309544838,-0.6572292224311184,0.8633994770617366,0.03412313865629281,-0.23064456422983365,-0.5250246199295308,-0.17571849332701334,0.3430681929890196,0.5687981202024107,0.1323677777213601,-0.17632390607449575,-0.5543555443976363,0.5994183506675835,0.7415079099633647,-0.1819554816420319,0.4923108418406024,-0.702534706714424,0.8448202234878834,0.5826501642117516,0.21823232338934054,-0.8456426011815784,-0.4871798467992474,0.5191147146679099,0.17887696207203785,0.020921805899349402,-0.9341959803771315,-0.21019750764020798,0.2811618980850169,0.28024437375491473,0.2456638025103154,-0.844327622923215,-0.010733744823249548,0.11137869631707764,0.32636135979311504,0.3533668720785544,-0.807391957010994
0.05871482997615539,-0.0014246577470181242,0.11248914651151704,0.0956013068389501,0.45724805969962884,-0.09300086123658502,0.031077530448795392,-0.1007874175824072,-0.15269549363510784,0.4543995659399785,-0.25630400313101304,0.04685735349829197,-0.2793279327265984,-0.3886438035539775,0.4784332590001401,-0.6215663375782869,0.3514968699432728,-0.6218110772241299,-0.8281188099352504,0.5390999146095861,-0.5943703256283922,0.8447084756319343,0.010995955557102293,-0.19589454200394002,-0.5235288079384411,-0.21489519169475294,0.36509405690638935,0.6603279633747402,0.10693851479099108,-0.18096644200835665,-0.6030981990466893,0.6446860766654211,0.8848896426417115,-0.18507325656306997,0.30837159308373646,-0.575534785723077,0.7546630376853602,0.594011254639423,0.2939725199015275,-0.86370007338091,-0.2661648779792707,0.3714729136634222,0.2858709194364899,0.20717429947982854,-0.9226623473925138,-0.06026546140674935,0.1775088247757149,0.3878271060059433,0.38568302600843246,-0.8087038312137423,0.11789306270425441,0.011010838650502498,0.4348021463300882,0.4763488311292139,-0.7411401749399029
0.00857723145063895,-0.004523286771223287,0.09698689543733172,0.06769423160880673,0.40471981853794586,-0.15418536368715247,0.05485234060779149,-0.11670841067385637,-0.20064016043882985,0.4068252818940301,-0.34485377080235846,0.13665841042225246,-0.23118354699777824,-0.4088926470008506,0.42559418602745747,-0.6956191864926919,0.4715390989524152,-0.5084319786046204,-0.7878490760310176,0.5386799688107984,-0.5591952695585852,0.7766690338690111,-0.015806065845638012,-0.2076098911015692,-0.4421035745894315,-0.29323936060479405,0.3820435078156256,0.6859951424699151,0.11582620751883005,-0.08233856098654012,-0.6500835569364696,0.7009974585193405,0.9600656293769242,-0.11194868398322187,0.14761517966927445,-0.43516107714574254,0.6436397616230857,0.5826903087257894,0.3704561062114626,-0.8744921655045206,-0.02687257777570053,0.20339827696066262,0.3854611084145359,0.3945970863944255,-0.9087161664781115,0.08726169864503297,0.07026339378733462,0.4782032479533079,0.5008311517153389,-0.7532622337093556,0.2278640784976078,-0.08279385492186869,0.5194579756347509,0.5633533132886384,-0.6398783604667435
-0.05457678348158811,0.0030794635243022975,0.08027548479803469,0.03508232848168377,0.3423420299789493,-0.2163213549253227,0.0874678372135107,-0.1265217314016019,-0.24223509318373596,0.35290368424679913,-0.41648979321595664,0.22628002809136918,-0.18199331907725813,-0.41531768576164163,0.37095432525102157,-0.7532455153630944,0.5644071441097636,-0.3615235704904842,-0.7218117568057392,0.5243915701341412,-0.5416816350351442,0.6339153111174083,-0.07677210475201368,-0.3234866381968993,-0.2990867383840867,-0.38612112615769306,0.36514229877506765,0.6272564025238773,0.5218494078539292,0.11341087527003876,-0.6441684660988833,0.7669037025350268,0.9655615822031997,0.4736192313937677,0.004842454816157097,-0.24395283557101952,0.5297821257781612,0.530699622272927,0.41502646796999193,-0.8124366400020814,0.2186653464162826,0.033869419212806055,0.4744820078331291,0.5536636626984804,-0.8434544396432052,0.22447159304703612,-0.03331663836057795,0.5504233106946269,0.5890299585155405,-0.6936339598613084,0.31355042155498286,-0.15660390784030861,0.5803743764781567,0.6211011811966168,-0.5332061334748069
-0.12901204170166458,0.024438110145090387,0.05747201865562389,-0.0010537592858918098,0.2701881123879876,-0.2818460448851988,0.126467364530825,-0.1298922171694681,-0.2760440855974115,0.29404880621058993,-0.4776604047731209,0.3064726640219047,-0.12826999369182326,-0.4070375730869084,0.3166201373169231,-0.7978085102550077,0.6373964928056247,-0.18415901455976166,-0.6138004150220387,0.4990266812845983,-0.5278217959884025,0.32199042726560206,-0.22502797430411883,-0.40470003775484115,-0.2926415392282408,-0.4253269963756792,0.20344159388328972,0.37783457393350556,0.5162708761829334,0.17327588666323882,-0.4816004655227478,0.8337825398714904,0.8717139403319549,0.6637268301001494,-0.11457224726640435,0.036884801709260055,0.417330378441328,0.4708081365897776,0.4635389951461041,-0.641283156784777,0.4509270268799979,-0.13715144469740947,0.5478774283219271,0.6760899386200505,-0.6266984123488093,0.34649215573975234,-0.13528897809198037,0.5965666959682836,0.6436975706942083,-0.5619878337792223,0.37596696990644274,-0.2167919162539466,0.6124269132699353,0.6474565722133335,-0.4002378314858413
-0.20848048763800048,0.05814003625438754,0.03283273169857183,-0.040403915958521754,0.19170750868258157,-0.3434583347881697,0.17042768111608456,-0.12753846812989642,-0.30136812718915673,0.2311172133644804,-0.5196467686871631,0.3744293055770849,-0.07072721072125551,-0.39167795394301186,0.26880687523495117,-0.8250053554597055,0.6960847434601496,0.013755056876232996,-0.4562201814537082,0.4727204716093615,-0.4986764622234872,0.11680381344747934,-0.3243379412231415,-0.41414496468214074,-0.3205241302816233,-0.2808784482958352,0.15692071332792953,0.16490810848253318,0.4181748499429362,0.18652226127309057,-0.11381560068369584,0.8833687827202874,0.7787475296059451,0.7223073557430416,-0.20927238955341285,0.31325834711206074,0.3179158878718885,0.40715797878968374,0.5027843681404774,-0.4032417691221622,0.6245247966496535,-0.28321266112439764,0.6002005337016011,0.7589715904943514,-0.2753437226723503,0.43295186789198603,-0.21570062474317703,0.6201221615971122,0.6718321823904693,-0.33919268283707227,0.4023190053326016,-0.2511378556343822,0.6199034114895812,0.6478421215684877,-0.23940652840873372
-0.2818111091023418,0.10077821322286411,0.0063069056558261345,-0.07372142530124223,0.11977878875998071,-0.3961388781728961,0.21919122262833424,-0.11739793504611741,-0.3103552064969432,0.1747584840489262,-0.5434108843018084,0.4338578962604139,-0.008546564774561479,-0.3513024897424353,0.23138916366218712,-0.8346587757555177,0.7431179048337752,0.21413376464769868,-0.2426433301450637,0.4435372716224792,-0.4317576787342163,-0.024610086024895596,-0.3543097468782694,-0.39408867086302674,-0.44007726253774326,-0.015774162244902523,0.15602315006696738,0.032624552413600336,0.2501098672833711,0.09308234609775501,0.35476271053289354,0.5512916069235954,0.6858176879470151,0.7306468945132433,-0.28297459821606336,0.5500346724846548,-0.1657512600718258,0.347168026755348,0.535717248009597,-0.15269117220498032,0.7110931427205592,-0.47555973819450187,0.6281066380515287,0.8054148032013729,0.09457367027175236,0.48144218756402973,-0.2893533411526575,0.623778667302143,0.682317632540637,-0.08852237480037228,0.3986328066832421,-0.26326071788048955,0.6108378211026849,0.6356633433580633,-0.07852269066331136
-0.34613024447613716,0.15122149400502166,-0.019077993327239445,-0.10611399498723234,0.05712204002314626,-0.43638755914056754,0.2661192650477588,-0.09594198514475354,-0.3077890213367484,0.1250982378131354,-0.5457774495426708,0.4766913551488616,0.06025653624617646,-0.2995389977850393,0.20174040304463894,-0.8229963122874921,0.7748961023645005,0.398008067301519,-0.008753285786737139,0.40419432870369637,-0.32314428425874353,-0.13785312966168697,-0.3589346561250046,-0.35744230757403206,-0.4719701506259726,0.21172611578451866,0.15580287544873878,-0.05242674570951769,0.08388123576703263,0.08149771609523729,0.7215855068497363,0.10770567533882748,0.5995628234696166,0.7317528173307222,-0.34026509867458893,0.7309145743641805,-0.6804821265628266,0.29798697956411146,0.5607325185326701,0.06290246883505113,0.7502568543463266,-0.5980526850308864,0.634312842610358,0.8258017507771712,0.395606308601095,0.5046691875076659,-0.33915411643967236,0.6052414091126082,0.6742183708229309,0.1390274294021819,0.374478730461494,-0.2539212700856728,0.5786154779772729,0.6047028288319323,0.06124622705017063
-0.3982477415923601,0.20820885534849545,-0.039522950266402665,-0.13931666133354306,0.0013860957780673332,-0.4625786502603801,0.3108953926343215,-0.06421424377257853,-0.29458589864417045,0.08331849302783399,-0.5264761536880362,0.5017042247414305,0.13152117293484228,-0.23447254594914038,0.1804174082418959,-0.7778269768710613,0.7878908411640284,0.5468895464914835,0.2193545611624885,0.34712223764450734,-0.23548628638980407,-0.22936000985112048,-0.2883107320808171,-0.30992644271138126,-0.4802692920902467,0.26449475704491965,0.13939189397547586,-0.029463124061092315,-0.05884790404981494,0.06608603255230537,0.8566812631218977,0.024322672138560063,0.5169400316959853,0.7276083902779318,-0.3843035560194753,0.8265698051073943,-0.7345017100577707,0.25613580392790897,0.5806678606196283,0.2443923254006399,0.7746652931697221,-0.6436242188891926,0.6180712727245271,0.8273264882794502,0.606271859263892,0.5072973958928552,-0.36564413603765566,0.5693480464527153,0.6519351596046171,0.31051769231866755,0.32886341807672864,-0.22920953362667024,0.5315569708695087,0.5608350049585237,0.1661214466828245
-0.4436659546737613,0.25737477139678616,-0.051951601731237834,-0.16156933756121072,-0.03633874769006229,-0.47705349603495006,0.3451190836135012,-0.02276346577296194,-0.26213934342333756,0.05446857049973993,-0.48924596967136164,0.5122758528669344,0.20134165888617842,-0.15258089971566843,0.16322150553331188,-0.6417574694907316,0.7834026724774509,0.6475266304384636,0.4145219720011191,0.2677936238480029,-0.06290081261023313,-0.31301093740935176,-0.2428007931687697,-0.19463221228909597,-0.492969408476581,0.25934473760318977,0.0724474216960267,0.0023807858189697044,-0.11076515095653588,0.02968496858807786,0.8392161313471362,-0.06636070418140896,0.43568232894105086,0.712566697204399,-0.41673547304159475,0.8451515231878313,-0.7528303728021707,0.2140469068637443,0.5952812312330853,0.3933831191215746,0.788908264046912,-0.6768113024969569,0.5682846242484191,0.8114521980299427,0.7290127458905721,0.496945662856529,-0.3768859602927644,0.5055570331499036,0.609826425985571,0.42273180426351703,0.27549128908410625,-0.19113787846148073,0.46205931263913674,0.49365440906254054,0.23488771067017084
-0.47631885505357835,0.30668695215303565,-0.05858585730928359,-0.17766464400870496,-0.059368740043311705,-0.4777195997205887,0.3762679609528598,0.024855941971487643,-0.21496101206096352,0.039060298347141774,-0.43990268382422215,0.5115853781889144,0.2721382279079411,-0.05815261145489548,0.15288033394057368,-0.3801456647230704,0.7419975328269263,0.7111040518913605,0.5520528747427835,0.1730583552718217,0.22065996635939958,-0.4079750648267594,-0.22021817268365318,-0.11697781676096855,-0.5043852924454125,0.2462635375245789,-0.07082619489945235,0.03569551227143501,-0.14425089419397924,-0.02059823973813246,0.7942548033760111,-0.23824737213981645,0.35145097383731777,0.6812355178042114,-0.4335537994220435,0.8580898764310622,-0.7716328625083205,0.16724030042702867,0.598254731643062,0.5214842367891471,0.7951991953043321,-0.6972157693495064,0.48931199954321564,0.7726389142284769,0.7835633082072881,0.4728731486432945,-0.37272724953109326,0.41855091519236604,0.5528268391210113,0.4737225255118558,0.20888989568958935,-0.14406751242039226,0.37420473354176864,0.4212663447812471,0.2545823414526408
-0.49327814503246553,0.3484264719496808,-0.06021041169315933,-0.17962954376908738,-0.06599607494185071,-0.4626597937915125,0.3977957632743819,0.07720738498593141,-0.15410571730326125,0.03481464574077349,-0.3787668569771794,0.49752796633524116,0.3414800227568136,0.04213634105601729,0.13784945926725253,-0.042297814348135065,0.6053149944233603,0.7532265113979835,0.6438816973415173,0.06441268596056195,0.5704632165288076,-0.5685874626192078,-0.2040990353421583,-0.029547210709748847,-0.5035188140749325,0.24257279238120047,-0.2798582116954611,-0.04067645241702807,-0.15211977021733214,-0.07448996076733105,0.7434258509126688,-0.4732334201073221,0.1548086085959864,0.6283227554935458,-0.43225652647961127,0.8700955083932045,-0.7911778071842094,0.11290705921564001,0.5735366284576418,0.6259714681114369,0.7929573884250339,-0.7076543576044826,0.3769357078512674,0.6966461027850299,0.7929329252561516,0.43886616159860165,-0.3584043842178106,0.30965913278062346,0.46383233114849365,0.4864853436830159,0.13776357003195888,-0.09415952976383955,0.2724571443515533,0.32220009604786914,0.2439999294876187
-0.498284719232292,0.37633983260722476,-0.05310187954225585,-0.17250239826550057,-0.05212070458970838,-0.43354765898495773,0.4053685430218847,0.13090530910063491,-0.08165069568414714,0.04320809930375843,-0.3056693200846373,0.4741982704430979,0.4047691862786719,0.14677373172819522,0.12275445059294957,0.24415877959045856,0.36923021745601786,0.7772867321423682,0.7074594565133475,-0.03944147106474821,0.8751723211903644,-0.8033032783719092,-0.18962552987148917,0.05347563665285508,-0.46589039420085787,0.26837457173342166,-0.4599018170777912,-0.5056203939415255,-0.15137901219798713,-0.10854799428016212,0.6867815492570549,-0.6743781448273111,-0.41696331522189795,0.5459075392815987,-0.41083703049926773,0.8815665576544242,-0.8108507730577802,0.04567527856254739,0.5088606958747983,0.6928598575226076,0.7804033708087118,-0.7096803851546784,0.23607593890639378,0.5706613882547785,0.7632080876914559,0.3986689554078619,-0.33727743984197917,0.17988165693971045,0.34198551728067217,0.47543048398593213,0.0713820708010117,-0.04353698929919044,0.14996780730875214,0.20066788077256256,0.22123358230067355
-0.48279595648578044,0.3864951155593767,-0.036601114864084516,-0.15704731703982053,-0.02269740271551824,-0.3873569556962554,0.39767714340284044,0.183721744524033,-0.0052453161449109555,0.057302501861675514,-0.22509810578267855,0.43911045112273517,0.45193158690366875,0.24417931742625115,0.09174971534928077,0.331308356604828,0.08574807921969965,0.7570101406483253,0.7498020101719731,-0.13844760127862535,0.964219427618859,-0.9999500825219225,-0.18143960914255985,0.12743530145544096,-0.3386567797909273,0.2879851271770477,-0.5331171503057951,-0.5944824140408336,-0.14841070566995293,-0.058145118365878934,0.6268801514045016,-0.7575218999153588,-0.6295053539640787,0.4265239824423039,-0.3584868819626243,0.8889186177207208,-0.8290706683773026,-0.061224609572989995,0.39499255247385984,0.7028822389312039,0.7531158395749011,-0.707878556997648,0.07106571261176198,0.3917471162118833,0.6870848405795988,0.35032924816197986,-0.3245957450147306,0.045269868997895646,0.19290092801793268,0.4368102266434853,0.007836006378822305,-0.009645203249439408,0.031787011695532656,0.06989815089962463,0.1854291990100041
-0.4450310801236943,0.3829575177060713,-0.015948370753752838,-0.12287862578359963,0.02133616866680872,-0.32040860498046436,0.37661324199467416,0.23176078476833842,0.07491781110112804,0.08068783680081765,-0.1323852120411488,0.39213538043539936,0.4894108050768667,0.3296540513890205,0.05927357858092081,0.39219956997278144,-0.13141722108639792,0.6836735063817717,0.7668308308791703,-0.2142305675397911,0.9998761382805997,-0.9999863638279487,-0.19196628377778338,0.26209102821239066,-0.018047629591940683,0.3128158182697213,-0.5629625179615774,-0.6906390222124099,-0.0717410656413062,0.1977883745795084,0.5463255089462605,-0.790323664504909,-0.8478544041051487,0.27299723426706446,-0.2499803493886574,0.8681934784008185,-0.8415888836116412,-0.18164889407406573,0.22260430722743446,0.6278289180387201,0.6990113494217476,-0.7060810008757722,-0.09657726205514572,0.1698504570765122,0.543335374869255,0.29566040748264566,-0.3281077942145377,-0.0881041051294208,0.02734849067973116,0.3639309843370924,-0.044214281785932404,0.010136276411811952,-0.08051036276530395,-0.06753263517877264,0.13842922812421746
-0.3822829448289534,0.35571872065761817,-0.0033188006503376416,-0.08811176678977294,0.06702929638725975,-0.2354559256740908,0.3349405843418599,0.2655159661123269,0.1471768036913328,0.10268240855751729,-0.03487357459714228,0.32735984711696686,0.5089559504206489,0.40017902888403406,0.018532605799363243,0.4544192347860433,-0.21241809472450604,0.5684850037746421,0.7402031472980769,-0.26680994232535993,0.9999588965524858,-0.9999847149731633,-0.20703118806848395,0.4190438741343652,0.17543024937997775,0.34007707953901967,-0.5689684916285653,-0.741663752500703,-0.11862547439778244,0.3661473484264338,0.44996351065515694,-0.802076959418939,-0.9999136206147582,-0.07385225054111012,-0.09780691750648893,0.7951143325454377,-0.8394540657247691,-0.31853037299085024,0.014773771112162468,0.44655112652540413,0.5915043063823593,-0.6306806517991211,-0.25977177667874124,-0.07303214057853587,0.3314050210366395,0.2258896892379191,-0.2695393087245537,-0.21373457688273895,-0.13930942462874904,0.256858641749377,-0.09053802430681873,0.04367640315335468,-0.1885447878001008,-0.20403648862017465,0.08033057748901927
-0.30485851024414823,0.32041166622252004,0.010462311724049671,-0.050616633241352765,0.11563767042530947,-0.14066830805319264,0.2849440291457647,0.2915609527277451,0.20959462695477185,0.12401003132268744,0.06742404338656288,0.2539488200918726,0.520176967511681,0.4529158277659505,-0.0223098703308877,0.524675047317911,-0.2784403802831685,0.4423038202999232,0.6754538223058218,-0.2889883261212162,0.9999752650117344,-0.9999765724974831,-0.146539542629997,0.5674305871532596,0.35768371720737024,0.3652719179771557,-0.5564366476510617,-0.7031800987147764,-0.5035255713029595,0.5081730655280465,0.3439332463431243,-0.8018165384803324,-0.9999841526355818,-0.8080281960165364,0.009674825195964135,0.6593896003266977,-0.806236210918089,-0.45814547184706494,-0.22169766163339785,0.17422743979542912,0.4134828974938716,-0.513289532560532,-0.4026216599966209,-0.3108231303757025,0.08184887929621316,0.13463001496258448,-0.19602431657330066,-0.3196974351584955,-0.2822662292749752,0.13136599722078435,-0.13902965318294133,0.08672892460007438,-0.28177510567707575,-0.3041662403690936,0.02741187119839649
-0.20713947597350515,0.2664908348276049,0.020493092925422896,-0.01674211146339221,0.15924156271589499,-0.034731830585105726,0.22142190782987967,0.3049399797910707,0.25974824698114585,0.13853682526967034,0.1711984796569005,0.16840877771789653,0.5042626002240038,0.4852435893443365,-0.06493898963643512,0.5953150048781277,-0.34102863028045377,0.3176854561400495,0.5905691160254841,-0.28364037107359547,0.9999779400451643,-0.999806080652086,-0.037037566404694494,0.6951931749336921,0.5437020725196423,0.35958215028795565,-0.5135591769713784,-0.6022533496400552,-0.44630857014820313,0.5545984505883038,0.2271198500100673,-0.7959689275576436,-0.9999896961163801,-0.9999771985983263,0.034617202591423604,0.49114004343190426,-0.7356915447188415,-0.5845050424820731,-0.4760049787194344,-0.10641205794261777,0.1801907473266293,-0.3509087075634878,-0.5145313790211062,-0.5169391834037695,-0.17720834595482332,0.027719349072459397,-0.1189156267126265,-0.4038236580683677,-0.40565779631264187,-0.008992724072206993,-0.18059043606714228,0.11648263543441618,-0.35448887142854435,-0.39469809810191814,-0.020980720586353186
-0.09315555278358711,0.19111716919162564,0.024882064259231524,0.017381639636478898,0.19725687615168608,0.07439838834910197,0.14237679921711527,0.30717489630968525,0.3005227375254665,0.14541861119839353,0.26837904297056564,0.0739153064136505,0.4745400010064211,0.5003216283489709,-0.09990043056909627,0.6634871671527316,-0.40922957467286336,0.21462914326695762,0.507398279896662,-0.25950046246484776,0.9999675889172984,-0.7009991624073896,0.18700007027554835,0.7936162933224656,0.6724774821020325,0.29549201949253673,-0.30605412151486716,-0.3875913949048208,-0.36093303748688194,0.5561536088982865,0.08052248759599626,-0.7904346086571973,-0.9999911005527119,-0.999992091243204,-0.007880324825661433,0.30874020390993834,-0.6386172603612419,-0.6867269825169969,-0.6708665651508595,-0.39320459763790316,-0.07676389273847838,-0.15716470366632712,-0.5972379470714525,-0.6591747400972644,-0.4175032072302461,-0.08741409589407695,-0.03894777633518711,-0.47055998881607525,-0.5018967688072397,-0.14799080431720996,-0.21442118441677407,0.13920114779206547,-0.4157999272203817,-0.4669672693203245,-0.06640485149596172
0.029479624250840854,0.10580764452085602,0.03541055991303876,0.047440180678105834,0.22353318987116153,0.18104126542398127,0.05716391363470368,0.30093243657934654,0.32922066375932924,0.14182006416553258,0.35587753601094746,-0.030282693181440074,0.4265680219099162,0.5011064420191844,-0.12593343513190827,0.7247789594559355,-0.49466269142952085,0.1376973138265722,0.4408330438263484,-0.27731505429216036,0.9804376984304761,-0.41277255798439216,0.44495052082808534,0.8091890780766929,0.7303906375598889,0.1724774464139525,-0.16497906942559656,-0.15421754545764757,-0.30788492784596655,0.5797111100591998,-0.1601508401210674,-0.7928666181738603,-0.9999912338050856,-0.9999942930709568,0.03315942440140446,0.025623705101376838,-0.5311055939464827,-0.7567005265698621,-0.7913906417358587,-0.5386797832516441,-0.3462644001014853,0.053438717153235116,-0.6502355359307703,-0.7378274328073786,-0.5890693977457089,-0.2076983560770694,0.04757952205924381,-0.5164572494182877,-0.5646293998463514,-0.25681997977163357,-0.24831165560086768,0.16008309593921216,-0.45588878848926834,-0.5073450461974172,-0.0929427944756288
0.15233721670772463,0.009231629234849072,0.041291208129154024,0.07539826841739009,0.24423828153721733,0.2782129458357408,-0.034774141455734674,0.2777841822169363,0.3479196523606891,0.13033846467685725,0.4345921169005618,-0.14255189728701914,0.35640634117909964,0.49454482255691246,-0.13996416526509933,0.7823175338267225,-0.5833825850336509,0.08493391780396334,0.3995158421185442,-0.2928745737481396,0.7338647751369687,-0.20913484593154688,0.5964723850489282,0.7911506717378374,0.7351338928819646,-0.11360171790602773,-0.12084579681680221,-0.04491452769560273,-0.23020716199035376,0.7053796996488793,-0.5158843466479416,-0.7566826998323226,-0.9999902712515935,-0.9999944025864197,0.13947101416539376,-0.28726566383606034,-0.39280839389873834,-0.8013937495303766,-0.8554391773872809,-0.5870827277111261,-0.5682261331839128,0.261194318781947,-0.6795543349595835,-0.7821444188669068,-0.6884573668999594,-0.3072095979757401,0.12931062000211124,-0.5457782948833478,-0.605762483296167,-0.3278338271473848,-0.26709848730697355,0.16412661907487572,-0.482256607419856,-0.5304331310704025,-0.10062126324168191
0.2684852628055785,-0.10032083198827191,0.051115148770086105,0.1015626128101908,0.2512279254819483,0.36295112388631673,-0.1353828995735126,0.24315884065258103,0.3571348293765463,0.11012617090721089,0.5016517932367207,-0.2564054660233432,0.26691727234034957,0.4791406769528757,-0.13998375608760624,0.8318597029824145,-0.6687905964435662,0.05168990087842172,0.3794447833415316,-0.29129866000011184,0.5514569415470166,-0.030425961081036325,0.7262065572180313,0.7833690586252114,0.7110630879850189,-0.2939916375254072,-0.10718084791589547,0.03624537532388104,-0.13113128271538102,0.803493724509344,-0.8230403061352494,-0.683236975319801,-0.999987609215716,-0.9999936465288294,0.29242190466273205,-0.5084053438870403,-0.2077394386721049,-0.8266438905310691,-0.8739731151119171,-0.5734466093794904,-0.6809340876336072,0.4537940893167701,-0.6898022676840674,-0.8067029257955302,-0.7466019524670918,-0.36593759424020084,0.21113031992569764,-0.5580849648481735,-0.6251958431872672,-0.3667330598508761,-0.2644827874313423,0.16905525042283331,-0.49139255139922416,-0.5329930105197765,-0.09406725749190699
0.3749851961676469,-0.21044066278905746,0.06135785679844542,0.12522233636091123,0.2421063037418471,0.43552412273934227,-0.2290738362306222,0.19302486958280646,0.3573130120212456,0.07700478426426399,0.558242141277729,-0.3621068897775297,0.15187088164804968,0.453370939933452,-0.1315939849516816,0.8714656840956797,-0.7434206209923843,0.023322693306058077,0.36962883179381795,-0.27320388862059225,0.39209559649875264,0.12978130142641148,0.804403892785494,0.76428612171762,0.6753707036094808,-0.3149762572088862,-0.0972172698551832,0.0711003459427963,-0.026821813898660084,0.877003900070064,-0.9206426753801001,-0.4458351553632308,-0.9999794870519166,-0.9999914613411259,0.5103115786602966,-0.6320699903639247,0.13361691821395616,-0.8322105010263854,-0.8682765469390402,-0.4699549056509715,-0.7289397782666867,0.5994855545849381,-0.6840448075398032,-0.8192756893702914,-0.7626259370594706,-0.3985831800247312,0.26712522542874534,-0.551238204693464,-0.630635946209906,-0.36586479387738957,-0.248486425046625,0.1659884200236899,-0.47895406475791447,-0.5226246887146526,-0.0576497686121496
0.46306238862106036,-0.31101577027867083,0.06456351840539053,0.14774466032802322,0.20044801517571084,0.49045557710470994,-0.3163419227322004,0.1293689749186246,0.3462010784335767,0.022278522407103513,0.5966480764190555,-0.4553499514623775,0.029555928453434667,0.4130577400585404,-0.12353167772369822,0.8889780891591328,-0.8019328456321241,-0.0015327435681320892,0.3567397973350505,-0.24535762576124026,0.22692051254525522,0.2696015400779097,0.8435787849288126,0.7391431015413682,0.6309206396055348,-0.26642967883085167,-0.08576342544220396,0.08046731890307611,0.08623667940258031,0.9189638387696877,-0.8611113695416002,-0.17928230888106123,-0.9819629478697918,-0.9999842269660117,0.7491661207302813,-0.6861307022393552,0.4340102797030503,-0.7710415327365508,-0.8471668558453362,-0.28812632141995703,-0.7554043718590788,0.6536098568695009,-0.6574524828324766,-0.8220961080978705,-0.7162314561954727,-0.42205242582732505,0.2951688908958462,-0.5318201444756706,-0.6222016343327709,-0.33196044793528695,-0.23633712239258797,0.1487691045457947,-0.460137455583975,-0.4976813432116111,-0.0070232894424455865
0.5332084977556751,-0.40521626062527877,0.06085699152911338,0.16782096294161003,0.1284545558145496,0.5293203129215431,-0.396907527815883,0.05949076216597112,0.32592823833814333,-0.04877951563478252,0.6158352905147669,-0.5341940339177129,-0.09247169247602197,0.3613573454616959,-0.1163272607230765,0.8600457790606275,-0.8765508807322927,-0.036172612227071924,0.32955169176797,-0.21116968265317723,0.06096841423357305,0.36646178676046454,0.8453130069530407,0.6785999313464802,0.5578907752330509,-0.2061882638704364,-0.04432887187591687,0.07264317481625916,0.17902215655474046,0.8895741682387003,-0.7094156859636012,0.03520279707786237,-0.7668578316854548,-0.9888135063710897,0.9351359084933981,-0.6868163510214159,0.6267564351022069,-0.6424313087202929,-0.8043263999004095,-0.04251274216211178,-0.7683127873399016,0.6747056716119791,-0.603159474977826,-0.8126315260020629,-0.5806724091082881,-0.42686513664554127,0.3084792896605406,-0.49405097749964666,-0.6034023336588347,-0.25026562216820203,-0.2075379605472257,0.12200363503929598,-0.4253586866974055,-0.46853895131859064,0.06767742828656499
0.5792219099601184,-0.47413588189373973,0.05158439748546223,0.17798128547490003,0.025301806763716007,0.549774521897952,-0.45832903415554044,-0.012591879383973338,0.28775877290907814,-0.13498715022850213,0.6172998299823933,-0.5916781997535507,-0.20856790465639258,0.2819035656571356,-0.11711515798716761,0.9119777636154244,-0.8998191380673426,-0.08467449617227399,0.2671296390069126,-0.1781255581941144,-0.08552600768386726,0.43739618100418554,0.8018948512285364,0.5693621670603091,0.4467331972277954,-0.15021166080824763,0.12536469601817987,0.05432169873665007,0.24255145910458295,0.7048642604232679,-0.5055906253057807,0.249843960042417,-0.5934337696200465,-0.7477982535743163,0.948720169367391,-0.655288479802654,0.6901856007874336,-0.5478577530682133,-0.7174766668878644,0.22090889466267902,-0.7700500564790207,0.6798191011643567,-0.5356783722146654,-0.7847554926729714,-0.3540785584903621,-0.42408810636071465,0.307102897111291,-0.44003168660774755,-0.5629889738579744,-0.11810865574051435,-0.17997134641342086,0.08948751143163673,-0.3739713305160933,-0.41836565675402476,0.16207798114620145
0.6086164747186975,-0.531122584191997,0.03559311531069369,0.17357844063670086,-0.10790157411837421,0.5545172796905053,-0.5054859157407051,-0.0825723792500131,0.23346439769997168,-0.236040550916361,0.5918449471466253,-0.6217941835059296,-0.30468587137769243,0.1884199165972214,-0.1367643298885146,0.5880299701090201,-0.7331213520106714,-0.13942904589332314,0.1709050178784091,-0.157994767488947,-0.5053722048708581,0.6314847981229615,0.7123415418958171,0.3630691494897841,0.2875199141676665,-0.10017639609130433,0.35848964725718085,0.36900992089407114,0.23394408250307966,0.2618692741212258,-0.2820013501841326,0.4542805717055085,0.03689591647002213,-0.46042743904510436,0.6778772051675116,-0.6115945321038803,0.6785678989144529,-0.2959200432901053,-0.5649244203140683,0.4454452793632621,-0.7593871313510167,0.6719266464826248,-0.42094304317507897,-0.7244774791816179,-0.07179295298138923,-0.41091180208365125,0.30059629873627464,-0.3700647549360777,-0.49995833173080406,0.04405258790212875,-0.14822669599987823,0.06337232909804483,-0.31704810342306017,-0.35058156079647335,0.25591887162597066
0.6185094393818231,-0.5599968178104915,0.017093408519615924,0.16027806453055457,-0.2571981108257401,0.5431681473353803,-0.5295243395224196,-0.1467249099440921,0.1642548980725061,-0.34285941082399707,0.543444316457234,-0.6249393652785374,-0.37299409412653306,0.0826535955595043,-0.17335439723906282,0.15515525275295516,-0.470549180433911,-0.193957405103871,0.03806147664640287,-0.15209853817909144,-0.9707202404539245,0.8518451356342782,0.5654761323091375,0.06806319656114679,-0.14988301198386406,-0.07579400195346322,0.4606886123138993,0.7254890207604386,0.14754540578639022,-0.21516633057718673,-0.05941325113620689,0.5273793523017183,0.7025762538900446,-0.15427740514098418,0.5774619913719202,-0.5571494196177367,0.6577111850172797,-0.05435437642911371,-0.3423246686283498,0.6050334364298376,-0.7249534267828155,0.6409641440750528,-0.28378965998509165,-0.6081826794450199,0.21444207791099512,-0.3818498613622591,0.2801972985774827,-0.28533465566180155,-0.4120901502283291,0.21906728430837186,-0.10590654942418239,0.03220681255383866,-0.24953726832419035,-0.2680591517829243,0.3442499496190756
0.5946626241282009,-0.5651559773340855,-0.008277617466783337,0.14277092958332852,-0.4016262590550946,0.5077006478272689,-0.533446747249139,-0.20439494202872802,0.08939090176212461,-0.4455254175872613,0.4727173836482787,-0.602565154962582,-0.4283735651795908,-0.027080498307710952,-0.22804113256252725,0.03085187190275343,-0.2209740630543217,-0.26341092018393464,-0.13046796814295114,-0.16047035056015124,-0.9658102972855458,0.999761437457445,0.3239663240292707,-0.2738329537383029,-0.3890059066377091,-0.028061730619058072,0.4848166800951593,0.727671233536445,0.18500573466978903,-0.3528095391884533,0.14631084348021534,0.5134151483768877,0.9998941314988329,0.25322821853682786,0.5294409211190573,-0.48203510837263264,0.615902363295142,0.15531185131206238,-0.11601514589821803,0.6887080030032605,-0.6380985518038205,0.5716442476543888,-0.14636558739157804,-0.4463779443922974,0.48043842909045403,-0.3367807939224043,0.2464355850678053,-0.19380821599166123,-0.30165719318274936,0.3962712114824566,-0.06659732477508054,-0.004809434606357535,-0.17611461780310478,-0.17733680988217856,0.4241626888552723
0.5437074020926065,-0.5402917141779323,-0.032327587013100116,0.11073228974255363,-0.5276051395491832,0.45187894920211613,-0.5159338182759272,-0.24950448867947125,0.010786674396223828,-0.5345130634530046,0.3747393158864498,-0.5498104501575722,-0.4658421290421004,-0.1364352413639223,-0.3018212134190998,-0.09016909625609676,-0.07657113072827788,-0.33782706368831883,-0.3255955957015192,-0.19040166590926863,-0.9998150417205285,0.9949959921222005,0.04662004767547504,-0.6414293565042117,-0.6031943928396002,0.003967018071795381,0.49036840399018466,0.6657896317579676,0.5632974166525918,-0.44895433344218505,0.31776993012741533,0.4906447389347927,0.9999876549056884,0.9824392172935089,0.48485529533655314,-0.3776943989841698,0.5390305869721904,0.29711362585293,0.09015682056470926,0.7166587197652301,-0.4830465573427848,0.44762194441824044,-0.018044516836604428,-0.2533932326920859,0.6899610388276235,-0.26706741628204145,0.19713561686619455,-0.10704561904151713,-0.18204584484474165,0.5400289777363101,-0.02464380288262755,-0.0384436424419887,-0.11758210519953219,-0.09469348156928575,0.480379464397693
0.4697592914337751,-0.4925463041704672,-0.0636200404810458,0.07617338895794881,-0.6291877065072055,0.379610442877723,-0.48170490621234474,-0.2845590920094556,-0.06179013259405521,-0.6023768012298099,0.25642972807418396,-0.4735159517485396,-0.48582027074604106,-0.23466970841316917,-0.38189924938991404,-0.22096259481717523,0.013555488064414846,-0.41069172232471424,-0.5129756942370335,-0.23199073312487015,-0.9841825594351844,0.8629882197767493,-0.24967227312171364,-0.9999331330158723,-0.7774134441247389,0.029487220635950315,0.45977565455977054,0.5599818649044944,0.5264721178644628,-0.5152536629140096,0.43041355629897904,0.47772481584760257,0.9999923004506157,0.9999905668445808,0.4322680885995632,-0.26076482510013554,0.43863462629506705,0.39824867026822824,0.27850647782528404,0.7087153781197051,-0.28716912108096343,0.28780354305209677,0.09923146193943022,-0.04426918700674774,0.8222574130276143,-0.17080574845211094,0.13160315496103117,-0.021391009362733648,-0.058420346309605985,0.6439439263771417,0.03421164994868961,-0.07865997849183076,-0.058903700137489336,-0.015566293503126277,0.516734883045125
0.3759802276285417,-0.4163238578050864,-0.09248860041779111,0.024473772117595084,-0.7014203135293055,0.2950950282249067,-0.43028188750069063,-0.3080950395537444,-0.1314522623883715,-0.6440911411453727,0.11904810459969796,-0.382113576153101,-0.48836559918347106,-0.3103281034122819,-0.4625561620053648,-0.3667198460004365,0.11879971096386269,-0.4703646381702498,-0.6406325347750492,-0.2840053134674851,-0.9063169853444515,0.6352033918749284,-0.5534939518073185,-0.9999928705691707,-0.8403439469580963,0.04422498540013736,0.3371722197172457,0.4046443536728359,0.29734860225491827,-0.5264733281745935,0.46511645174450755,0.48198414966619635,0.9999938702079705,0.9999933889456574,0.3869116712094033,-0.15311521377678616,0.3297595165730901,0.4789717324929309,0.41577158900220357,0.6919467060552421,-0.08418751631682471,0.11412055031025094,0.2046650052148083,0.15104936579597927,0.8877242358131778,-0.07426235513735135,0.06492678725198273,0.05691651138533915,0.05538352515658878,0.6943320955435138,0.0840059312853412,-0.10805250390762308,-0.007356434037084671,0.048054809736253805,0.5257083869436975
0.26115710855414986,-0.33454714290011006,-0.12715307228305522,-0.021390381302407422,-0.747815075606331,0.19960521274101642,-0.3740786770052907,-0.32260763148112287,-0.1885166476517719,-0.6670829143089927,-0.02494822850291647,-0.2789207116436596,-0.47382315191549423,-0.38394318832144136,-0.5397858816291278,-0.5138652713991853,0.23895529600044565,-0.5112981628304004,-0.711759984706789,-0.34118076922565804,-0.8267186845651019,0.35856043249502684,-0.9431176453462549,-0.9999950372536026,-0.894550404514584,0.027198125015512106,0.1592308645671748,0.10045961694329748,0.12784689380870332,-0.5210631035179567,0.44107792731417284,0.5062655853435487,0.9999945240761026,0.9999939558621345,0.29736528050426436,-0.07214865222112972,0.22715925690219158,0.5349364651548842,0.4988109983940284,0.6396808229817036,0.10292678393390416,-0.0493105712941434,0.2908780721364697,0.3233479917511536,0.8981745402961548,0.0222117097714882,-0.0011557215007891527,0.12486741399259792,0.14723945769450955,0.6859099543283164,0.13088171389435216,-0.140743405778528,0.03710648822244128,0.08359767351340379,0.5065405595792655
0.14620935483769193,-0.23442198946462536,-0.15602167770208494,-0.07015931401626639,-0.7966346120534434,0.11176223722302314,-0.3057328845397059,-0.32488605047229846,-0.2346479006631361,-0.6881101216584506,-0.15651961133005016,-0.17693288401067617,-0.4478816885863789,-0.44402401440029554,-0.6059589025451523,-0.6503517648929745,0.3541184697548128,-0.5325894246172427,-0.7542855744786982,-0.39864556311365335,-0.7668303957647685,0.2237593416655745,-0.9999721067925099,-0.9999954227192642,-0.9446687541011152,-0.018938319832103954,0.1332322339778417,-0.028483550794817437,0.024773593165807725,-0.5170287327013564,0.3730156122019885,0.5488622956738177,0.999994695755477,0.9999934469953623,0.1623407789183187,-0.022423127766618523,0.14354838253212363,0.569948342229271,0.5201839650825516,0.541150134780488,0.26106317362515186,-0.19297867614305908,0.36407354461037666,0.4581129153071079,0.9041821078614843,0.11045821633039225,-0.06400979536157468,0.1745713579888041,0.21530898815933075,0.676202314946579,0.1709928974508993,-0.16482057649781945,0.05866800098405277,0.09990086391153437,0.4851751523844255
0.028638746638976004,-0.13005842850757365,-0.18213422225307307,-0.11386434252348243,-0.8152581210246685,0.029308836427971264,-0.23735535213185335,-0.3162817544174569,-0.26831235207057347,-0.6869350368689524,-0.25868608868917253,-0.07839208713825213,-0.4090091564589217,-0.4899627002414875,-0.6537967686256305,-0.7550901692696094,0.46502439744767954,-0.5338970257614708,-0.7821587092710033,-0.45488200134192597,-0.7238424893123272,0.1447281656195037,-0.9999838346572112,-0.9999953436105781,-0.9898403750134498,-0.10437137300559081,0.13864841628033245,-0.11692695006015126,-0.05993555809233633,-0.5200257359406633,0.2464107049524824,0.6046764361258549,0.9999942217778901,0.9999912534396368,0.017315672905609855,-0.0071046749362286485,0.08173910560487348,0.5534970814295462,0.47897408214710036,0.4315237900801662,0.3783272977389146,-0.3102462043084456,0.41342177813369474,0.5557082445217244,0.9085325802657027,0.18232277517171858,-0.12030404105202351,0.20810853234525123,0.26609451179329996,0.662522151467926,0.1988396915483107,-0.1828950736520476,0.06852911047709909,0.10840477077395877,0.4547270748047737
-0.08036979398596045,-0.029283539372759043,-0.2035601356880398,-0.14694041352040382,-0.8585666246558316,-0.039627920846525846,-0.1656443973826974,-0.2976471757704923,-0.2841561157073761,-0.6990236192188714,-0.3317121313230529,0.01342069854679691,-0.3589098447165012,-0.5183064592382078,-0.6840107114334646,-0.8288725039305559,0.5606502116929897,-0.5195867790356373,-0.7981107608604392,-0.505018792456749,-0.6942208464404255,0.10220547652047841,-0.9999848272889109,-0.9999949905791744,-0.9998848531145784,-0.22442401957557387,0.15688495985003387,-0.17142954230373858,-0.13987474919980336,-0.5306208182520519,0.06605384290431399,0.6683732159872031,0.9999927379088093,0.9999820542012268,-0.11974936832431303,-0.019909568079638264,0.0503148646503963,0.4946192156742445,0.39298729264667537,0.3277996956148209,0.4560104661188948,-0.38537966487163006,0.44209128087839944,0.6193522004688142,0.91156517005466,0.2425976078225811,-0.1568271235638969,0.22593955429602175,0.2926014198589848,0.6498781014769252,0.223432866351623,-0.18563651305941872,0.06867566534378419,0.10007026401042105,0.42635815410468564
-0.166167165279448,0.061612200471304716,-0.215139085584127,-0.16368629378178864,-0.929579266511034,-0.09293160821087956,-0.09800647253525942,-0.27029235641013166,-0.28514565596062996,-0.7467932447539487,-0.37558288487523306,0.08618987767444272,-0.30335694566939925,-0.5169844483922128,-0.7186904844769312,-0.8663450202165685,0.6315784391509675,-0.49412893979771944,-0.7937989160429537,-0.5439459265738762,-0.6760580243287806,0.09354371614167709,-0.9999812359417505,-0.999994253812852,-0.9999363115722181,-0.3560681708383937,0.18339800831641692,-0.19455577138386942,-0.20357273622678995,-0.5466138909425685,-0.13429009047302468,0.7357340415594729,0.9999890041752808,0.9589463219061417,-0.2339577764484688,-0.04751933151872686,0.05232125779048673,0.41191703797541385,0.2810199039030132,0.24415326533607365,0.48982168991712227,-0.41843997229312296,0.44129607618795896,0.6421556491112295,0.9069837533785396,0.2754307904674149,-0.17993516632874906,0.22834753287765902,0.3041387260686342,0.6280262512551179,0.23061730626224167,-0.18410426887609246,0.062017715688334654,0.092495201180931,0.3908583670016541
-0.21707799431826608,0.12832374575386463,-0.20583931101788921,-0.16602511310709234,-0.9460865044305113,-0.12624922761253207,-0.0375582457144583,-0.22822880117548994,-0.2661105840823316,-0.813144205393983,-0.3880448278651546,0.14326827553909793,-0.24653018109880892,-0.48796165179780115,-0.7894006461175297,-0.8583560526646448,0.6736196231707401,-0.4603799835450735,-0.7736499339086802,-0.57403743136351,-0.6645864090861837,0.1085683620034978,-0.9999594442550626,-0.9999929312506477,-0.9999325096297145,-0.4656671827213565,0.21481143299015004,-0.17992110718758342,-0.24641284678674527,-0.5647481192144577,-0.3101637260991809,0.8010728385432385,0.9999757516109504,0.7475167573489457,-0.3133660454024652,-0.08043698954576498,0.0863007026479691,0.33417217477832395,0.17068178902912381,0.1896863924918295,0.48030587512350265,-0.4100781140846496,0.41813495387959126,0.6230555892814685,0.8979308660585478,0.27865928502052023,-0.18335995017071485,0.21954288235874447,0.28746443547826456,0.6096836929315439,0.21738839063925927,-0.16816116502311784,0.05608870896060658,0.06234107849426484,0.36336415891941504
-0.23559802313764294,0.1618359911035986,-0.18787724623288343,-0.15048489527676814,-0.88505013067927,-0.13835466757634837,0.006410618082588224,-0.17929819517684398,-0.22615482970401246,-0.7343045205066157,-0.36009845489887876,0.16978510373050673,-0.18127779301631947,-0.4185387452971691,-0.683844294878151,-0.8150749536155691,0.6816448554055446,-0.4050947062302103,-0.7241735013808754,-0.5330978362835548,-0.6516796172159832,0.1417898953268851,-0.9379996042296594,-0.9999892492727904,-0.9996573097273965,-0.5152745428524304,0.2436263760078966,-0.12440109763169553,-0.2339297424858933,-0.5866570144364711,-0.4167594999777985,0.8481266168412418,0.9443408348354164,0.5624388540164816,-0.35650241088896156,-0.10875578286238571,0.14357536976757768,0.23545459919948986,0.08519847355118917,0.1615038494744477,0.42299987892474866,-0.3500014189291656,0.3620544495788432,0.5646451851252804,0.8737090239386017,0.2505911162974105,-0.16059129864829666,0.18864449475262676,0.25904675157970947,0.5915503205706139,0.18390805730523527,-0.139943842526052,0.04021711673024549,0.04724363429449279,0.3332000502689381
-0.205217913094491,0.15739640097898258,-0.14622296946735944,-0.1124760691816531,-0.7185339343693162,-0.1216708291101387,0.0331988674872748,-0.1224458454856891,-0.16644064994673105,-0.5226365829701506,-0.29003670614977906,0.15867983528943988,-0.1132878165587397,-0.31469433982215705,-0.4576877445675467,-0.7363980921677623,0.6371592031450751,-0.3144054410287971,-0.6413130956817389,-0.432008554808937,-0.62459610577403,0.18994311301812675,-0.7453446147647389,-0.9999617367687881,-0.9136476426952365,-0.47231430920175,0.271515089909596,-0.02609759101490278,-0.15721457120412882,-0.6016924340584032,-0.41556786204673934,0.8186401910172008,0.7616724054481249,0.4219044502935869,-0.3503991893014811,-0.1138562615732995,0.16282016964844356,0.13006347324285433,0.021693637356357227,0.1330165551052115,0.31864066616435793,-0.2523997834511464,0.2736063551405952,0.4458811231352129,0.7482986683538482,0.18964794613771238,-0.1167940005197062,0.14537126430532943,0.20609976404264957,0.5142872202162755,0.13279989048302426,-0.09846253033775408,0.02759793778728739,0.03528841951667862,0.27103840725969586
-0.13485984728653969,0.10794576967168425,-0.07771370011028315,-0.06638502565744887,-0.3998622523145114,-0.08034650349254473,0.03575970386247342,-0.05671446261915836,-0.09091460888932652,-0.28763273826257946,-0.16924285489407043,0.10216236744444562,-0.048878191964204176,-0.17135477158648224,-0.24611024012757476,-0.6143258362624525,0.3975228344628435,-0.17842856507900734,-0.44591816338972695,-0.25325892297421726,-0.5657033775229158,0.07742545952146464,-0.47063892422105996,-0.7281785713130294,-0.6442741918959175,-0.30537188523095454,0.26583395637897295,0.11304006032660893,-0.005691427740510549,-0.48338924582936826,-0.27008471296697256,0.6552119015621292,0.5684264765556685,0.32725596066197216,-0.2631914006865985,-0.07943002380072933,0.10608666005895215,0.032756266497091346,-0.01985376794252141,0.059977215478426486,0.1675210982684582,-0.12615884115014825,0.15010913902112935,0.2513513043204967,0.4277191810279275,0.10358655300551747,-0.057452558487211994,0.08246088133264813,0.12002056543775384,0.29165591998794715,0.07060624739111407,-0.047546909378075326,0.015552942920528228,0.01999430384517425,0.13726145328095846
-0.00602659503852726,0.009600379092349787,0.013722178301811504,0.0080614374387459,0.06921009587361807,-0.006047717558430593,0.009188584920709057,0.009539156388517751,0.0052209120603591355,0.042052326199680946,0.00343671052483939,-0.009535266681209858,0.0059517457689015505,0.007156450880289743,0.032483711620260945,0.04302527978921707,-0.04007170543484341,0.00858939510323539,0.032257303824021144,0.01229354706770529,0.047156892416243025,-0.0181256035346718,0.030801463559602626,0.03899215574129436,0.025898458247586614,0.03411012693753273,-0.003130602809829294,0.010712116554034519,0.004122617622370074,0.05044297926190966,0.05066429436321228,-0.03248141743099475,-0.014404569101591996,0.002901020185458918,-0.0017448504340367942,0.02045048408174604,-0.003194020274826744,-0.00016290724982260277,0.002225392503025878,-0.040635638456055695,-0.022739197377740758,0.03227363063196202,0.008020282930954694,-0.007174293217215511,-0.06314337071304062,-0.00961223937614365,0.015314950035516936,0.010939622761540204,0.010630265056120235,-0.03788557684174768,-0.004287860524355474,0.012628636504569794,0.018036207414841937,0.020114891136988958,-0.028999765772048956
-0.0008712893204985476,0.0013672504588243012,0.0010665936301481396,0.0018328936337247258,0.0008651911328438227,-0.0006581793655364032,0.00013611620196024135,0.0013043652805118896,0.0010626965210819897,0.0004479593853759168,-0.0003964448212114062,-0.0010701028067167414,0.0022772176901447966,8.479509417864644e-5,-0.0003345485596370622,-0.00020032408614130255,-0.0005349694530364306,0.0016053984075144838,-0.00012648391604077052,-0.00040185097548851845,0.00025062372229664475,2.4744805304857455e-5,0.00047010239416573447,-1.0952347811086828e-5,-0.00019771379128953102,0.00012895909828336254,0.00015227990497374233,0.0005820277364300923,1.3146262091641105e-5,-0.00020288124755783805,-0.0005790471027613838,0.00014050605657512491,0.00018047737083874856,-0.0001621870700123805,7.479504160845212e-5,-0.0008045733500323764,-0.0003867305334936557,0.0017049943380849392,0.0003931730618384825,-6.599798246066728e-5,-0.0008379570945265167,-0.0013767986779420103,0.0013687958414964612,0.0008379267260652545,-0.001343714585349407,0.0002872192203451425,0.0009293334306544037,0.0002793989584420292,0.001963139769763889,-0.0025730821405584308,0.0015205133643625575,0.0038405868540471446,0.0010685665230929637,0.0033784543092376072,-0.0028238688941056617
